structure, size, time(ns)
bst, 2^6, 25796
bst, 2^7, 24562
bst, 2^8, 30938
bst, 2^9, 31500
avl, 2^6, 26578
avl, 2^7, 31285
avl, 2^8, 38313
avl, 2^9, 30903
splay, 2^6, 18935
splay, 2^7, 17866
splay, 2^8, 10529
splay, 2^9, 10423
veb, 2^6, 1395042
veb, 2^7, 1427612
veb, 2^8, 975703
veb, 2^9, 1053081
bst, 2^6, 19883
bst, 2^7, 18953
bst, 2^8, 26039
bst, 2^9, 30672
avl, 2^6, 25235
avl, 2^7, 30013
avl, 2^8, 39002
avl, 2^9, 30868
splay, 2^6, 18255
splay, 2^7, 17436
splay, 2^8, 10543
splay, 2^9, 10452
veb, 2^6, 1575638
veb, 2^7, 1559881
veb, 2^8, 933045
veb, 2^9, 1114641
bst, 2^6, 25458
bst, 2^7, 25349
bst, 2^8, 30744
bst, 2^9, 30634
avl, 2^6, 25594
avl, 2^7, 30394
avl, 2^8, 32165
avl, 2^9, 38599
splay, 2^6, 17828
splay, 2^7, 20191
splay, 2^8, 10565
splay, 2^9, 10419
veb, 2^6, 1573375
veb, 2^7, 1651693
veb, 2^8, 1104551
veb, 2^9, 930862
bst, 2^6, 21412
bst, 2^7, 21760
bst, 2^8, 25861
bst, 2^9, 28780
avl, 2^6, 21540
avl, 2^7, 25028
avl, 2^8, 32126
avl, 2^9, 36404
splay, 2^6, 20972
splay, 2^7, 22726
splay, 2^8, 12521
splay, 2^9, 12362
veb, 2^6, 1499018
veb, 2^7, 1564500
veb, 2^8, 1101512
veb, 2^9, 930887
bst, 2^6, 21384
bst, 2^7, 21429
bst, 2^8, 25858
bst, 2^9, 25876
avl, 2^6, 21240
avl, 2^7, 25298
avl, 2^8, 31786
avl, 2^9, 31016
splay, 2^6, 17800
splay, 2^7, 17270
splay, 2^8, 10476
splay, 2^9, 10648
veb, 2^6, 1516202
veb, 2^7, 1414592
veb, 2^8, 976786
veb, 2^9, 935161
bst, 2^6, 21486
bst, 2^7, 22093
bst, 2^8, 25894
bst, 2^9, 25860
avl, 2^6, 21579
avl, 2^7, 25044
avl, 2^8, 37698
avl, 2^9, 31634
splay, 2^6, 18193
splay, 2^7, 17810
splay, 2^8, 10738
splay, 2^9, 12656
veb, 2^6, 1511592
veb, 2^7, 1569593
veb, 2^8, 930956
veb, 2^9, 958582
bst, 2^6, 24786
bst, 2^7, 24750
bst, 2^8, 31762
bst, 2^9, 31693
avl, 2^6, 25220
avl, 2^7, 29482
avl, 2^8, 31791
avl, 2^9, 36684
splay, 2^6, 23565
splay, 2^7, 17700
splay, 2^8, 10862
splay, 2^9, 10639
veb, 2^6, 1394951
veb, 2^7, 1521994
veb, 2^8, 931068
veb, 2^9, 1097781
bst, 2^6, 21912
bst, 2^7, 21692
bst, 2^8, 25927
bst, 2^9, 25854
avl, 2^6, 21329
avl, 2^7, 24775
avl, 2^8, 32200
avl, 2^9, 30927
splay, 2^6, 18240
splay, 2^7, 21208
splay, 2^8, 10775
splay, 2^9, 10677
veb, 2^6, 1522099
veb, 2^7, 1412109
veb, 2^8, 938766
veb, 2^9, 1065008
bst, 2^6, 24849
bst, 2^7, 24688
bst, 2^8, 31707
bst, 2^9, 31720
avl, 2^6, 25142
avl, 2^7, 29174
avl, 2^8, 31741
avl, 2^9, 31215
splay, 2^6, 18057
splay, 2^7, 17742
splay, 2^8, 12800
splay, 2^9, 12606
veb, 2^6, 1492400
veb, 2^7, 1490851
veb, 2^8, 1092445
veb, 2^9, 964921
bst, 2^6, 21099
bst, 2^7, 22540
bst, 2^8, 25891
bst, 2^9, 25834
avl, 2^6, 21315
avl, 2^7, 24726
avl, 2^8, 32181
avl, 2^9, 32855
splay, 2^6, 17818
splay, 2^7, 17751
splay, 2^8, 10819
splay, 2^9, 10653
veb, 2^6, 1399002
veb, 2^7, 1394872
veb, 2^8, 1045024
veb, 2^9, 930876
bst, 2^6, 21968
bst, 2^7, 21664
bst, 2^8, 25374
bst, 2^9, 26792
avl, 2^6, 21209
avl, 2^7, 24655
avl, 2^8, 32211
avl, 2^9, 30918
splay, 2^6, 18045
splay, 2^7, 17952
splay, 2^8, 10771
splay, 2^9, 12023
veb, 2^6, 1400878
veb, 2^7, 1488925
veb, 2^8, 1052549
veb, 2^9, 1045682
bst, 2^6, 24805
bst, 2^7, 29055
bst, 2^8, 30721
bst, 2^9, 31725
avl, 2^6, 25240
avl, 2^7, 29640
avl, 2^8, 31642
avl, 2^9, 30954
splay, 2^6, 17861
splay, 2^7, 18294
splay, 2^8, 12151
splay, 2^9, 10675
veb, 2^6, 1394945
veb, 2^7, 1659461
veb, 2^8, 1055664
veb, 2^9, 1082907
bst, 2^6, 29872
bst, 2^7, 20880
bst, 2^8, 26881
bst, 2^9, 26761
avl, 2^6, 21328
avl, 2^7, 25291
avl, 2^8, 31757
avl, 2^9, 30919
splay, 2^6, 17960
splay, 2^7, 17957
splay, 2^8, 11149
splay, 2^9, 11134
veb, 2^6, 1515315
veb, 2^7, 1394859
veb, 2^8, 933400
veb, 2^9, 973201
bst, 2^6, 20881
bst, 2^7, 20825
bst, 2^8, 26816
bst, 2^9, 26894
avl, 2^6, 21248
avl, 2^7, 24662
avl, 2^8, 32240
avl, 2^9, 36714
splay, 2^6, 21840
splay, 2^7, 21801
splay, 2^8, 13074
splay, 2^9, 12629
veb, 2^6, 1614721
veb, 2^7, 1397519
veb, 2^8, 931037
veb, 2^9, 930906
bst, 2^6, 20919
bst, 2^7, 20966
bst, 2^8, 26837
bst, 2^9, 26753
avl, 2^6, 21258
avl, 2^7, 25271
avl, 2^8, 35544
avl, 2^9, 36643
splay, 2^6, 21261
splay, 2^7, 21334
splay, 2^8, 12758
splay, 2^9, 12684
veb, 2^6, 1435003
veb, 2^7, 1401156
veb, 2^8, 1030582
veb, 2^9, 930868
bst, 2^6, 21847
bst, 2^7, 21653
bst, 2^8, 26797
bst, 2^9, 26748
avl, 2^6, 21322
avl, 2^7, 24682
avl, 2^8, 32795
avl, 2^9, 38895
splay, 2^6, 18002
splay, 2^7, 17660
splay, 2^8, 10684
splay, 2^9, 10736
veb, 2^6, 1400229
veb, 2^7, 1394863
veb, 2^8, 1063521
veb, 2^9, 930855
bst, 2^6, 20952
bst, 2^7, 20915
bst, 2^8, 26826
bst, 2^9, 31560
avl, 2^6, 21287
avl, 2^7, 24696
avl, 2^8, 32212
avl, 2^9, 30877
splay, 2^6, 18344
splay, 2^7, 17766
splay, 2^8, 10760
splay, 2^9, 10736
veb, 2^6, 1398311
veb, 2^7, 1460636
veb, 2^8, 930971
veb, 2^9, 933500
bst, 2^6, 21550
bst, 2^7, 20929
bst, 2^8, 26769
bst, 2^9, 26767
avl, 2^6, 21246
avl, 2^7, 26669
avl, 2^8, 37628
avl, 2^9, 30940
splay, 2^6, 17944
splay, 2^7, 18136
splay, 2^8, 10769
splay, 2^9, 10690
veb, 2^6, 1394968
veb, 2^7, 1546648
veb, 2^8, 1109944
veb, 2^9, 1071896
bst, 2^6, 25772
bst, 2^7, 25660
bst, 2^8, 33770
bst, 2^9, 25836
avl, 2^6, 21230
avl, 2^7, 24676
avl, 2^8, 31719
avl, 2^9, 31010
splay, 2^6, 17950
splay, 2^7, 17755
splay, 2^8, 10797
splay, 2^9, 11955
veb, 2^6, 1420575
veb, 2^7, 1470096
veb, 2^8, 933834
veb, 2^9, 977144
bst, 2^6, 21200
bst, 2^7, 20803
bst, 2^8, 26754
bst, 2^9, 31096
avl, 2^6, 21296
avl, 2^7, 24661
avl, 2^8, 31733
avl, 2^9, 30928
splay, 2^6, 17958
splay, 2^7, 18044
splay, 2^8, 10697
splay, 2^9, 10823
veb, 2^6, 1526702
veb, 2^7, 1397607
veb, 2^8, 944385
veb, 2^9, 1057824
bst, 2^6, 21027
bst, 2^7, 20835
bst, 2^8, 26497
bst, 2^9, 26726
avl, 2^6, 21297
avl, 2^7, 24946
avl, 2^8, 31735
avl, 2^9, 30947
splay, 2^6, 18268
splay, 2^7, 17743
splay, 2^8, 10782
splay, 2^9, 10628
veb, 2^6, 1535145
veb, 2^7, 1397749
veb, 2^8, 1105753
veb, 2^9, 930890
bst, 2^6, 20887
bst, 2^7, 20804
bst, 2^8, 26465
bst, 2^9, 26751
avl, 2^6, 21247
avl, 2^7, 25273
avl, 2^8, 31750
avl, 2^9, 36636
splay, 2^6, 21232
splay, 2^7, 21165
splay, 2^8, 12758
splay, 2^9, 10666
veb, 2^6, 1397891
veb, 2^7, 1502079
veb, 2^8, 1058944
veb, 2^9, 936737
bst, 2^6, 20956
bst, 2^7, 21104
bst, 2^8, 26755
bst, 2^9, 26639
avl, 2^6, 21302
avl, 2^7, 24701
avl, 2^8, 31748
avl, 2^9, 30304
splay, 2^6, 18146
splay, 2^7, 19146
splay, 2^8, 10841
splay, 2^9, 12667
veb, 2^6, 1394957
veb, 2^7, 1580147
veb, 2^8, 934645
veb, 2^9, 930891
bst, 2^6, 21077
bst, 2^7, 20828
bst, 2^8, 26745
bst, 2^9, 26744
avl, 2^6, 22235
avl, 2^7, 25177
avl, 2^8, 37727
avl, 2^9, 31425
splay, 2^6, 18591
splay, 2^7, 18076
splay, 2^8, 11203
splay, 2^9, 10990
veb, 2^6, 1546844
veb, 2^7, 1561602
veb, 2^8, 1113491
veb, 2^9, 1112402
bst, 2^6, 24817
bst, 2^7, 24671
bst, 2^8, 31842
bst, 2^9, 31020
avl, 2^6, 25217
avl, 2^7, 29930
avl, 2^8, 37453
avl, 2^9, 37187
splay, 2^6, 21350
splay, 2^7, 21030
splay, 2^8, 13009
splay, 2^9, 12661
veb, 2^6, 1653288
veb, 2^7, 1416353
veb, 2^8, 930927
veb, 2^9, 930865
bst, 2^6, 20943
bst, 2^7, 20818
bst, 2^8, 26775
bst, 2^9, 26503
avl, 2^6, 22222
avl, 2^7, 24948
avl, 2^8, 38216
avl, 2^9, 37478
splay, 2^6, 21437
splay, 2^7, 21638
splay, 2^8, 12839
splay, 2^9, 12907
veb, 2^6, 1505094
veb, 2^7, 1438362
veb, 2^8, 1051972
veb, 2^9, 1016809
bst, 2^6, 24949
bst, 2^7, 24686
bst, 2^8, 30452
bst, 2^9, 29889
avl, 2^6, 25673
avl, 2^7, 30385
avl, 2^8, 33042
avl, 2^9, 33595
splay, 2^6, 18726
splay, 2^7, 17806
splay, 2^8, 11125
splay, 2^9, 11055
veb, 2^6, 1394943
veb, 2^7, 1483359
veb, 2^8, 930971
veb, 2^9, 1015535
bst, 2^6, 21034
bst, 2^7, 20817
bst, 2^8, 25964
bst, 2^9, 26557
avl, 2^6, 24093
avl, 2^7, 27472
avl, 2^8, 33435
avl, 2^9, 30795
splay, 2^6, 18109
splay, 2^7, 17935
splay, 2^8, 11068
splay, 2^9, 11084
veb, 2^6, 1394963
veb, 2^7, 1498033
veb, 2^8, 930617
veb, 2^9, 1044857
bst, 2^6, 30386
bst, 2^7, 25771
bst, 2^8, 31760
bst, 2^9, 30900
avl, 2^6, 25541
avl, 2^7, 31496
avl, 2^8, 33452
avl, 2^9, 30618
splay, 2^6, 18114
splay, 2^7, 17729
splay, 2^8, 10789
splay, 2^9, 10818
veb, 2^6, 1508944
veb, 2^7, 1457419
veb, 2^8, 1044254
veb, 2^9, 1105229
bst, 2^6, 19851
bst, 2^7, 19099
bst, 2^8, 25755
bst, 2^9, 26711
avl, 2^6, 21595
avl, 2^7, 25642
avl, 2^8, 32185
avl, 2^9, 30779
splay, 2^6, 18107
splay, 2^7, 17740
splay, 2^8, 10857
splay, 2^9, 10727
veb, 2^6, 1492118
veb, 2^7, 1488533
veb, 2^8, 1074252
veb, 2^9, 930907
bst, 2^6, 20976
bst, 2^7, 22183
bst, 2^8, 26812
bst, 2^9, 26942
avl, 2^6, 21573
avl, 2^7, 24973
avl, 2^8, 32289
avl, 2^9, 32287
splay, 2^6, 18158
splay, 2^7, 18483
splay, 2^8, 11191
splay, 2^9, 13100
veb, 2^6, 1661252
veb, 2^7, 1685804
veb, 2^8, 1093636
veb, 2^9, 1027251
bst, 2^6, 24552
bst, 2^7, 22641
bst, 2^8, 30834
bst, 2^9, 30588
avl, 2^6, 25613
avl, 2^7, 24996
avl, 2^8, 32238
avl, 2^9, 35468
splay, 2^6, 21621
splay, 2^7, 21345
splay, 2^8, 13278
splay, 2^9, 11020
veb, 2^6, 1530197
veb, 2^7, 1546692
veb, 2^8, 930955
veb, 2^9, 930892
bst, 2^6, 21495
bst, 2^7, 21138
bst, 2^8, 26570
bst, 2^9, 25847
avl, 2^6, 21269
avl, 2^7, 24981
avl, 2^8, 31619
avl, 2^9, 36127
splay, 2^6, 26172
splay, 2^7, 18204
splay, 2^8, 11135
splay, 2^9, 10992
veb, 2^6, 1401295
veb, 2^7, 1526443
veb, 2^8, 1033254
veb, 2^9, 930875
bst, 2^6, 21530
bst, 2^7, 21141
bst, 2^8, 35383
bst, 2^9, 34013
avl, 2^6, 25253
avl, 2^7, 28941
avl, 2^8, 36644
avl, 2^9, 30322
splay, 2^6, 18325
splay, 2^7, 18199
splay, 2^8, 11112
splay, 2^9, 10644
veb, 2^6, 1401117
veb, 2^7, 1559957
veb, 2^8, 946871
veb, 2^9, 1046399
bst, 2^6, 25236
bst, 2^7, 25063
bst, 2^8, 30724
bst, 2^9, 30597
avl, 2^6, 25673
avl, 2^7, 37477
avl, 2^8, 32181
avl, 2^9, 36096
splay, 2^6, 21490
splay, 2^7, 21086
splay, 2^8, 12942
splay, 2^9, 10652
veb, 2^6, 1598535
veb, 2^7, 1398004
veb, 2^8, 930946
veb, 2^9, 1002335
bst, 2^6, 21436
bst, 2^7, 21419
bst, 2^8, 26001
bst, 2^9, 25887
avl, 2^6, 21914
avl, 2^7, 25551
avl, 2^8, 31868
avl, 2^9, 30947
splay, 2^6, 24405
splay, 2^7, 20388
splay, 2^8, 10710
splay, 2^9, 10642
veb, 2^6, 1580354
veb, 2^7, 1394815
veb, 2^8, 1063977
veb, 2^9, 937125
bst, 2^6, 22569
bst, 2^7, 22700
bst, 2^8, 26515
bst, 2^9, 26576
avl, 2^6, 23333
avl, 2^7, 25018
avl, 2^8, 32328
avl, 2^9, 30632
splay, 2^6, 21420
splay, 2^7, 20928
splay, 2^8, 12701
splay, 2^9, 12591
veb, 2^6, 1466191
veb, 2^7, 1397235
veb, 2^8, 995738
veb, 2^9, 930895
bst, 2^6, 22074
bst, 2^7, 21869
bst, 2^8, 26038
bst, 2^9, 25827
avl, 2^6, 21573
avl, 2^7, 26601
avl, 2^8, 32175
avl, 2^9, 36029
splay, 2^6, 21539
splay, 2^7, 22962
splay, 2^8, 10877
splay, 2^9, 10390
veb, 2^6, 1395022
veb, 2^7, 1575773
veb, 2^8, 1019756
veb, 2^9, 930895
bst, 2^6, 21510
bst, 2^7, 21337
bst, 2^8, 25949
bst, 2^9, 25433
avl, 2^6, 21906
avl, 2^7, 25987
avl, 2^8, 32464
avl, 2^9, 32933
splay, 2^6, 17721
splay, 2^7, 17321
splay, 2^8, 11440
splay, 2^9, 10461
veb, 2^6, 1397688
veb, 2^7, 1476120
veb, 2^8, 1119173
veb, 2^9, 934939
bst, 2^6, 22051
bst, 2^7, 21614
bst, 2^8, 27086
bst, 2^9, 26774
avl, 2^6, 23282
avl, 2^7, 27622
avl, 2^8, 38331
avl, 2^9, 31923
splay, 2^6, 18151
splay, 2^7, 17589
splay, 2^8, 10770
splay, 2^9, 10681
veb, 2^6, 1394946
veb, 2^7, 1557258
veb, 2^8, 930955
veb, 2^9, 1096606
bst, 2^6, 20916
bst, 2^7, 20929
bst, 2^8, 26775
bst, 2^9, 25833
avl, 2^6, 24726
avl, 2^7, 26287
avl, 2^8, 32211
avl, 2^9, 31299
splay, 2^6, 18042
splay, 2^7, 17974
splay, 2^8, 10739
splay, 2^9, 10655
veb, 2^6, 1490554
veb, 2^7, 1401484
veb, 2^8, 930950
veb, 2^9, 1096645
bst, 2^6, 20987
bst, 2^7, 20805
bst, 2^8, 26850
bst, 2^9, 26965
avl, 2^6, 21898
avl, 2^7, 26228
avl, 2^8, 32158
avl, 2^9, 31958
splay, 2^6, 18531
splay, 2^7, 18016
splay, 2^8, 10677
splay, 2^9, 10661
veb, 2^6, 1593256
veb, 2^7, 1394888
veb, 2^8, 1090926
veb, 2^9, 941648
bst, 2^6, 21195
bst, 2^7, 21444
bst, 2^8, 25346
bst, 2^9, 26812
avl, 2^6, 21883
avl, 2^7, 25579
avl, 2^8, 32174
avl, 2^9, 40273
splay, 2^6, 21279
splay, 2^7, 20870
splay, 2^8, 12675
splay, 2^9, 12669
veb, 2^6, 1447802
veb, 2^7, 1397685
veb, 2^8, 930957
veb, 2^9, 930893
bst, 2^6, 21770
bst, 2^7, 21642
bst, 2^8, 26256
bst, 2^9, 25832
avl, 2^6, 24722
avl, 2^7, 26306
avl, 2^8, 32242
avl, 2^9, 38896
splay, 2^6, 21272
splay, 2^7, 21035
splay, 2^8, 12736
splay, 2^9, 12626
veb, 2^6, 1433880
veb, 2^7, 1521431
veb, 2^8, 930965
veb, 2^9, 1144731
bst, 2^6, 27701
bst, 2^7, 22511
bst, 2^8, 31920
bst, 2^9, 30597
avl, 2^6, 25256
avl, 2^7, 29532
avl, 2^8, 44355
avl, 2^9, 36770
splay, 2^6, 22573
splay, 2^7, 21521
splay, 2^8, 12770
splay, 2^9, 12751
veb, 2^6, 1653246
veb, 2^7, 1668416
veb, 2^8, 1116870
veb, 2^9, 1103255
bst, 2^6, 24176
bst, 2^7, 23955
bst, 2^8, 31865
bst, 2^9, 31672
avl, 2^6, 25598
avl, 2^7, 32200
avl, 2^8, 39312
avl, 2^9, 38119
splay, 2^6, 28581
splay, 2^7, 21287
splay, 2^8, 12767
splay, 2^9, 12647
veb, 2^6, 1653252
veb, 2^7, 1686821
veb, 2^8, 1103532
veb, 2^9, 1103352
bst, 2^6, 24472
bst, 2^7, 22475
bst, 2^8, 30863
bst, 2^9, 30576
avl, 2^6, 25658
avl, 2^7, 29709
avl, 2^8, 39041
avl, 2^9, 36890
splay, 2^6, 28121
splay, 2^7, 17721
splay, 2^8, 10737
splay, 2^9, 12455
veb, 2^6, 1583343
veb, 2^7, 1500070
veb, 2^8, 1078447
veb, 2^9, 1046688
bst, 2^6, 20955
bst, 2^7, 20842
bst, 2^8, 26943
bst, 2^9, 26433
avl, 2^6, 21609
avl, 2^7, 25952
avl, 2^8, 32130
avl, 2^9, 36620
splay, 2^6, 18054
splay, 2^7, 18381
splay, 2^8, 11086
splay, 2^9, 11037
veb, 2^6, 1598347
veb, 2^7, 1468164
veb, 2^8, 969762
veb, 2^9, 930883
bst, 2^6, 20942
bst, 2^7, 20793
bst, 2^8, 25935
bst, 2^9, 25965
avl, 2^6, 21602
avl, 2^7, 25085
avl, 2^8, 38995
avl, 2^9, 36700
splay, 2^6, 21294
splay, 2^7, 21596
splay, 2^8, 13040
splay, 2^9, 14787
veb, 2^6, 1603050
veb, 2^7, 1394832
veb, 2^8, 1028799
veb, 2^9, 1039921
bst, 2^6, 20920
bst, 2^7, 21124
bst, 2^8, 24927
bst, 2^9, 24897
avl, 2^6, 21939
avl, 2^7, 24783
avl, 2^8, 35357
avl, 2^9, 30365
splay, 2^6, 17941
splay, 2^7, 18620
splay, 2^8, 11926
splay, 2^9, 10983
veb, 2^6, 1394915
veb, 2^7, 1398096
veb, 2^8, 954275
veb, 2^9, 930909
bst, 2^6, 21093
bst, 2^7, 20877
bst, 2^8, 26817
bst, 2^9, 26742
avl, 2^6, 21622
avl, 2^7, 25649
avl, 2^8, 38088
avl, 2^9, 30790
splay, 2^6, 18534
splay, 2^7, 18396
splay, 2^8, 11028
splay, 2^9, 11076
veb, 2^6, 1506782
veb, 2^7, 1561997
veb, 2^8, 1001854
veb, 2^9, 980242
bst, 2^6, 24789
bst, 2^7, 29042
bst, 2^8, 31759
bst, 2^9, 31750
avl, 2^6, 25577
avl, 2^7, 30746
avl, 2^8, 32181
avl, 2^9, 31087
splay, 2^6, 18153
splay, 2^7, 18126
splay, 2^8, 11014
splay, 2^9, 11027
veb, 2^6, 1407488
veb, 2^7, 1640093
veb, 2^8, 963501
veb, 2^9, 1021791
bst, 2^6, 21128
bst, 2^7, 21108
bst, 2^8, 25148
bst, 2^9, 26754
avl, 2^6, 22188
avl, 2^7, 27487
avl, 2^8, 32795
avl, 2^9, 30971
splay, 2^6, 18745
splay, 2^7, 17825
splay, 2^8, 11022
splay, 2^9, 10989
veb, 2^6, 1569184
veb, 2^7, 1561722
veb, 2^8, 933826
veb, 2^9, 934468
bst, 2^6, 20972
bst, 2^7, 20813
bst, 2^8, 25348
bst, 2^9, 26025
avl, 2^6, 21301
avl, 2^7, 24969
avl, 2^8, 31805
avl, 2^9, 36654
splay, 2^6, 21422
splay, 2^7, 21505
splay, 2^8, 13105
splay, 2^9, 13018
veb, 2^6, 1584781
veb, 2^7, 1397823
veb, 2^8, 1055165
veb, 2^9, 930890
bst, 2^6, 20954
bst, 2^7, 20893
bst, 2^8, 26814
bst, 2^9, 26766
avl, 2^6, 22021
avl, 2^7, 26042
avl, 2^8, 31754
avl, 2^9, 30942
splay, 2^6, 18584
splay, 2^7, 18707
splay, 2^8, 11076
splay, 2^9, 11068
veb, 2^6, 1560690
veb, 2^7, 1398038
veb, 2^8, 1009548
veb, 2^9, 930888
bst, 2^6, 22110
bst, 2^7, 21636
bst, 2^8, 25375
bst, 2^9, 25311
avl, 2^6, 21221
avl, 2^7, 24954
avl, 2^8, 31524
avl, 2^9, 36657
splay, 2^6, 21817
splay, 2^7, 23108
splay, 2^8, 11052
splay, 2^9, 11009
veb, 2^6, 1398081
veb, 2^7, 1514846
veb, 2^8, 1067458
veb, 2^9, 1080279
bst, 2^6, 24840
bst, 2^7, 24670
bst, 2^8, 31382
bst, 2^9, 31710
avl, 2^6, 26292
avl, 2^7, 25286
avl, 2^8, 32783
avl, 2^9, 30354
splay, 2^6, 18504
splay, 2^7, 18081
splay, 2^8, 11042
splay, 2^9, 11148
veb, 2^6, 1495617
veb, 2^7, 1425959
veb, 2^8, 930976
veb, 2^9, 1084614
bst, 2^6, 25488
bst, 2^7, 25284
bst, 2^8, 30702
bst, 2^9, 30855
avl, 2^6, 27441
avl, 2^7, 24522
avl, 2^8, 35033
avl, 2^9, 38276
splay, 2^6, 23113
splay, 2^7, 21482
splay, 2^8, 13141
splay, 2^9, 13170
veb, 2^6, 1531344
veb, 2^7, 1561578
veb, 2^8, 1065916
veb, 2^9, 933678
bst, 2^6, 22549
bst, 2^7, 22360
bst, 2^8, 26554
bst, 2^9, 25860
avl, 2^6, 21356
avl, 2^7, 26329
avl, 2^8, 31777
avl, 2^9, 31602
splay, 2^6, 18360
splay, 2^7, 18006
splay, 2^8, 11036
splay, 2^9, 11029
veb, 2^6, 1518926
veb, 2^7, 1394879
veb, 2^8, 945272
veb, 2^9, 1008686
bst, 2^6, 22549
bst, 2^7, 22383
bst, 2^8, 25906
bst, 2^9, 47106
avl, 2^6, 21307
avl, 2^7, 24894
avl, 2^8, 31513
avl, 2^9, 35845
splay, 2^6, 21350
splay, 2^7, 21253
splay, 2^8, 12535
splay, 2^9, 12622
veb, 2^6, 1447615
veb, 2^7, 1447726
veb, 2^8, 1081715
veb, 2^9, 930889
bst, 2^6, 21593
bst, 2^7, 21387
bst, 2^8, 25929
bst, 2^9, 25816
avl, 2^6, 22765
avl, 2^7, 25868
avl, 2^8, 37649
avl, 2^9, 30761
splay, 2^6, 18087
splay, 2^7, 17562
splay, 2^8, 10648
splay, 2^9, 10749
veb, 2^6, 1571739
veb, 2^7, 1518661
veb, 2^8, 931031
veb, 2^9, 944535
bst, 2^6, 21612
bst, 2^7, 31321
bst, 2^8, 30622
bst, 2^9, 31436
avl, 2^6, 25226
avl, 2^7, 32207
avl, 2^8, 39293
avl, 2^9, 30926
splay, 2^6, 18292
splay, 2^7, 17811
splay, 2^8, 10764
splay, 2^9, 10660
veb, 2^6, 1394978
veb, 2^7, 1515693
veb, 2^8, 965959
veb, 2^9, 1097308
bst, 2^6, 20892
bst, 2^7, 21124
bst, 2^8, 27100
bst, 2^9, 26956
avl, 2^6, 21912
avl, 2^7, 25513
avl, 2^8, 45273
avl, 2^9, 31270
splay, 2^6, 18019
splay, 2^7, 18441
splay, 2^8, 12107
splay, 2^9, 11068
veb, 2^6, 1636369
veb, 2^7, 1403333
veb, 2^8, 1098849
veb, 2^9, 938117
bst, 2^6, 20998
bst, 2^7, 21014
bst, 2^8, 25326
bst, 2^9, 26757
avl, 2^6, 24377
avl, 2^7, 25846
avl, 2^8, 32114
avl, 2^9, 37075
splay, 2^6, 21181
splay, 2^7, 21441
splay, 2^8, 12826
splay, 2^9, 13066
veb, 2^6, 1394940
veb, 2^7, 1463544
veb, 2^8, 990496
veb, 2^9, 930879
bst, 2^6, 20924
bst, 2^7, 21656
bst, 2^8, 26825
bst, 2^9, 26735
avl, 2^6, 21908
avl, 2^7, 26245
avl, 2^8, 32834
avl, 2^9, 30913
splay, 2^6, 17867
splay, 2^7, 18092
splay, 2^8, 10744
splay, 2^9, 10401
veb, 2^6, 1394949
veb, 2^7, 1653165
veb, 2^8, 1119446
veb, 2^9, 1111969
bst, 2^6, 25335
bst, 2^7, 25385
bst, 2^8, 30270
bst, 2^9, 30131
avl, 2^6, 25277
avl, 2^7, 29327
avl, 2^8, 38479
avl, 2^9, 37617
splay, 2^6, 21123
splay, 2^7, 25673
splay, 2^8, 12524
splay, 2^9, 14466
veb, 2^6, 1658835
veb, 2^7, 1666427
veb, 2^8, 1103425
veb, 2^9, 1103278
bst, 2^6, 26633
bst, 2^7, 25243
bst, 2^8, 30708
bst, 2^9, 30604
avl, 2^6, 26355
avl, 2^7, 29214
avl, 2^8, 38334
avl, 2^9, 36797
splay, 2^6, 20843
splay, 2^7, 20779
splay, 2^8, 12680
splay, 2^9, 12320
veb, 2^6, 1661477
veb, 2^7, 1656998
veb, 2^8, 1103337
veb, 2^9, 1103279
bst, 2^6, 25421
bst, 2^7, 25312
bst, 2^8, 30297
bst, 2^9, 37265
avl, 2^6, 26737
avl, 2^7, 30099
avl, 2^8, 37687
avl, 2^9, 37951
splay, 2^6, 21237
splay, 2^7, 20695
splay, 2^8, 12547
splay, 2^9, 12415
veb, 2^6, 1662882
veb, 2^7, 1653176
veb, 2^8, 1104565
veb, 2^9, 1110523
bst, 2^6, 25484
bst, 2^7, 25583
bst, 2^8, 30667
bst, 2^9, 31462
avl, 2^6, 27770
avl, 2^7, 30121
avl, 2^8, 38859
avl, 2^9, 36667
splay, 2^6, 21351
splay, 2^7, 20789
splay, 2^8, 12920
splay, 2^9, 12352
veb, 2^6, 1661561
veb, 2^7, 1653191
veb, 2^8, 1103382
veb, 2^9, 1107340
bst, 2^6, 25393
bst, 2^7, 25175
bst, 2^8, 30828
bst, 2^9, 30623
avl, 2^6, 25221
avl, 2^7, 32421
avl, 2^8, 37622
avl, 2^9, 36639
splay, 2^6, 21411
splay, 2^7, 20887
splay, 2^8, 12655
splay, 2^9, 12389
veb, 2^6, 1664286
veb, 2^7, 1653727
veb, 2^8, 1107322
veb, 2^9, 1017281
bst, 2^6, 21467
bst, 2^7, 21427
bst, 2^8, 25915
bst, 2^9, 30693
avl, 2^6, 25229
avl, 2^7, 29582
avl, 2^8, 37606
avl, 2^9, 36704
splay, 2^6, 21336
splay, 2^7, 20800
splay, 2^8, 12682
splay, 2^9, 12352
veb, 2^6, 1561988
veb, 2^7, 1487905
veb, 2^8, 945146
veb, 2^9, 1020524
bst, 2^6, 25373
bst, 2^7, 25265
bst, 2^8, 30752
bst, 2^9, 30159
avl, 2^6, 25289
avl, 2^7, 31238
avl, 2^8, 31516
avl, 2^9, 36806
splay, 2^6, 21461
splay, 2^7, 20713
splay, 2^8, 13504
splay, 2^9, 12340
veb, 2^6, 1475926
veb, 2^7, 1426930
veb, 2^8, 1075325
veb, 2^9, 930881
bst, 2^6, 22541
bst, 2^7, 33710
bst, 2^8, 32943
bst, 2^9, 32879
avl, 2^6, 25426
avl, 2^7, 30008
avl, 2^8, 31776
avl, 2^9, 30951
splay, 2^6, 18298
splay, 2^7, 18147
splay, 2^8, 10486
splay, 2^9, 12411
veb, 2^6, 1506020
veb, 2^7, 1466264
veb, 2^8, 930935
veb, 2^9, 930864
bst, 2^6, 21122
bst, 2^7, 21069
bst, 2^8, 25898
bst, 2^9, 26748
avl, 2^6, 21462
avl, 2^7, 35008
avl, 2^8, 37665
avl, 2^9, 37127
splay, 2^6, 21138
splay, 2^7, 20970
splay, 2^8, 12730
splay, 2^9, 12650
veb, 2^6, 1474113
veb, 2^7, 1559435
veb, 2^8, 1030143
veb, 2^9, 1103240
bst, 2^6, 24739
bst, 2^7, 24686
bst, 2^8, 31397
bst, 2^9, 30890
avl, 2^6, 25224
avl, 2^7, 36836
avl, 2^8, 42605
avl, 2^9, 46188
splay, 2^6, 21322
splay, 2^7, 21603
splay, 2^8, 13291
splay, 2^9, 12648
veb, 2^6, 1653268
veb, 2^7, 1671837
veb, 2^8, 1030687
veb, 2^9, 1022045
bst, 2^6, 21024
bst, 2^7, 21044
bst, 2^8, 26331
bst, 2^9, 26302
avl, 2^6, 24729
avl, 2^7, 25321
avl, 2^8, 34833
avl, 2^9, 31078
splay, 2^6, 17995
splay, 2^7, 17620
splay, 2^8, 10725
splay, 2^9, 10617
veb, 2^6, 1564709
veb, 2^7, 1444269
veb, 2^8, 955137
veb, 2^9, 933606
bst, 2^6, 21828
bst, 2^7, 21641
bst, 2^8, 25934
bst, 2^9, 26754
avl, 2^6, 21271
avl, 2^7, 25265
avl, 2^8, 37620
avl, 2^9, 30914
splay, 2^6, 18093
splay, 2^7, 17764
splay, 2^8, 10700
splay, 2^9, 10652
veb, 2^6, 1394904
veb, 2^7, 1542458
veb, 2^8, 1102221
veb, 2^9, 1009065
bst, 2^6, 24835
bst, 2^7, 26031
bst, 2^8, 30724
bst, 2^9, 30650
avl, 2^6, 29217
avl, 2^7, 31529
avl, 2^8, 38163
avl, 2^9, 30616
splay, 2^6, 17905
splay, 2^7, 17660
splay, 2^8, 10771
splay, 2^9, 10614
veb, 2^6, 1436390
veb, 2^7, 1596191
veb, 2^8, 934860
veb, 2^9, 1030267
bst, 2^6, 21781
bst, 2^7, 22525
bst, 2^8, 25897
bst, 2^9, 25810
avl, 2^6, 24070
avl, 2^7, 25615
avl, 2^8, 32143
avl, 2^9, 30637
splay, 2^6, 17951
splay, 2^7, 18238
splay, 2^8, 10854
splay, 2^9, 10897
veb, 2^6, 1561112
veb, 2^7, 1650292
veb, 2^8, 1003392
veb, 2^9, 1009681
bst, 2^6, 20974
bst, 2^7, 20819
bst, 2^8, 26775
bst, 2^9, 37840
avl, 2^6, 27072
avl, 2^7, 29643
avl, 2^8, 54792
avl, 2^9, 36090
splay, 2^6, 21905
splay, 2^7, 21598
splay, 2^8, 13162
splay, 2^9, 13029
veb, 2^6, 1544075
veb, 2^7, 1468537
veb, 2^8, 1064336
veb, 2^9, 1007112
bst, 2^6, 25790
bst, 2^7, 25661
bst, 2^8, 31698
bst, 2^9, 31741
avl, 2^6, 25576
avl, 2^7, 29642
avl, 2^8, 32256
avl, 2^9, 30630
splay, 2^6, 18511
splay, 2^7, 18188
splay, 2^8, 11053
splay, 2^9, 11021
veb, 2^6, 1547651
veb, 2^7, 1483999
veb, 2^8, 930933
veb, 2^9, 930887
bst, 2^6, 20930
bst, 2^7, 20826
bst, 2^8, 26810
bst, 2^9, 26843
avl, 2^6, 21595
avl, 2^7, 25896
avl, 2^8, 38080
avl, 2^9, 31569
splay, 2^6, 18714
splay, 2^7, 18410
splay, 2^8, 11126
splay, 2^9, 10958
veb, 2^6, 1394904
veb, 2^7, 1578521
veb, 2^8, 930950
veb, 2^9, 1061472
bst, 2^6, 24827
bst, 2^7, 25791
bst, 2^8, 31766
bst, 2^9, 31887
avl, 2^6, 25605
avl, 2^7, 26197
avl, 2^8, 31884
avl, 2^9, 29860
splay, 2^6, 18418
splay, 2^7, 18139
splay, 2^8, 11134
splay, 2^9, 10966
veb, 2^6, 1438883
veb, 2^7, 1479304
veb, 2^8, 1017794
veb, 2^9, 933626
bst, 2^6, 21534
bst, 2^7, 23716
bst, 2^8, 26604
bst, 2^9, 26467
avl, 2^6, 21349
avl, 2^7, 25064
avl, 2^8, 31549
avl, 2^9, 30906
splay, 2^6, 18661
splay, 2^7, 18433
splay, 2^8, 20407
splay, 2^9, 13968
veb, 2^6, 1489783
veb, 2^7, 1397953
veb, 2^8, 930903
veb, 2^9, 930893
bst, 2^6, 21535
bst, 2^7, 21274
bst, 2^8, 27780
bst, 2^9, 25877
avl, 2^6, 21887
avl, 2^7, 24429
avl, 2^8, 37460
avl, 2^9, 37406
splay, 2^6, 24164
splay, 2^7, 21284
splay, 2^8, 12666
splay, 2^9, 12829
veb, 2^6, 1431197
veb, 2^7, 1505051
veb, 2^8, 1055213
veb, 2^9, 930900
bst, 2^6, 21507
bst, 2^7, 21361
bst, 2^8, 27803
bst, 2^9, 25843
avl, 2^6, 21920
avl, 2^7, 25637
avl, 2^8, 32039
avl, 2^9, 30787
splay, 2^6, 18136
splay, 2^7, 17665
splay, 2^8, 10758
splay, 2^9, 13574
veb, 2^6, 1397893
veb, 2^7, 1585091
veb, 2^8, 950502
veb, 2^9, 936699
bst, 2^6, 21576
bst, 2^7, 21418
bst, 2^8, 25913
bst, 2^9, 25836
avl, 2^6, 21600
avl, 2^7, 24853
avl, 2^8, 43621
avl, 2^9, 32311
splay, 2^6, 18001
splay, 2^7, 17485
splay, 2^8, 10764
splay, 2^9, 10407
veb, 2^6, 1394979
veb, 2^7, 1579437
veb, 2^8, 930966
veb, 2^9, 930889
bst, 2^6, 22548
bst, 2^7, 22694
bst, 2^8, 27507
bst, 2^9, 38122
avl, 2^6, 28545
avl, 2^7, 30304
avl, 2^8, 38237
avl, 2^9, 30335
splay, 2^6, 17888
splay, 2^7, 17756
splay, 2^8, 10785
splay, 2^9, 10703
veb, 2^6, 1653884
veb, 2^7, 1430954
veb, 2^8, 995842
veb, 2^9, 1071834
bst, 2^6, 21534
bst, 2^7, 21552
bst, 2^8, 27751
bst, 2^9, 25873
avl, 2^6, 21598
avl, 2^7, 25343
avl, 2^8, 33486
avl, 2^9, 31882
splay, 2^6, 18571
splay, 2^7, 18751
splay, 2^8, 11073
splay, 2^9, 13024
veb, 2^6, 1655754
veb, 2^7, 1489761
veb, 2^8, 930933
veb, 2^9, 930893
bst, 2^6, 21500
bst, 2^7, 21332
bst, 2^8, 25994
bst, 2^9, 25817
avl, 2^6, 21822
avl, 2^7, 24962
avl, 2^8, 31850
avl, 2^9, 37792
splay, 2^6, 21932
splay, 2^7, 21582
splay, 2^8, 13252
splay, 2^9, 12984
veb, 2^6, 1455542
veb, 2^7, 1490977
veb, 2^8, 1046445
veb, 2^9, 1059051
bst, 2^6, 21380
bst, 2^7, 21385
bst, 2^8, 25887
bst, 2^9, 25901
avl, 2^6, 21477
avl, 2^7, 26976
avl, 2^8, 37839
avl, 2^9, 32880
splay, 2^6, 18470
splay, 2^7, 18390
splay, 2^8, 13747
splay, 2^9, 12614
veb, 2^6, 1412690
veb, 2^7, 1483635
veb, 2^8, 1103296
veb, 2^9, 1124029
bst, 2^6, 25742
bst, 2^7, 25446
bst, 2^8, 31498
bst, 2^9, 30651
avl, 2^6, 25600
avl, 2^7, 35050
avl, 2^8, 71766
avl, 2^9, 36473
splay, 2^6, 22440
splay, 2^7, 21058
splay, 2^8, 12721
splay, 2^9, 12672
veb, 2^6, 1682902
veb, 2^7, 1788562
veb, 2^8, 1149530
veb, 2^9, 1128311
bst, 2^6, 25577
bst, 2^7, 24670
bst, 2^8, 30042
bst, 2^9, 29907
avl, 2^6, 28004
avl, 2^7, 32422
avl, 2^8, 38302
avl, 2^9, 30767
splay, 2^6, 19781
splay, 2^7, 17945
splay, 2^8, 10788
splay, 2^9, 10729
veb, 2^6, 1514235
veb, 2^7, 1496245
veb, 2^8, 1103409
veb, 2^9, 930892
bst, 2^6, 21853
bst, 2^7, 21679
bst, 2^8, 25945
bst, 2^9, 25850
avl, 2^6, 21347
avl, 2^7, 24986
avl, 2^8, 31581
avl, 2^9, 30445
splay, 2^6, 18165
splay, 2^7, 19925
splay, 2^8, 10701
splay, 2^9, 12611
veb, 2^6, 1493631
veb, 2^7, 1401607
veb, 2^8, 973644
veb, 2^9, 930893
bst, 2^6, 21332
bst, 2^7, 21201
bst, 2^8, 25879
bst, 2^9, 25857
avl, 2^6, 21860
avl, 2^7, 25263
avl, 2^8, 31512
avl, 2^9, 39363
splay, 2^6, 21597
splay, 2^7, 23686
splay, 2^8, 10658
splay, 2^9, 10669
veb, 2^6, 1568896
veb, 2^7, 1492906
veb, 2^8, 1036938
veb, 2^9, 930882
bst, 2^6, 21511
bst, 2^7, 23991
bst, 2^8, 25874
bst, 2^9, 25791
avl, 2^6, 24075
avl, 2^7, 25923
avl, 2^8, 32167
avl, 2^9, 36015
splay, 2^6, 21428
splay, 2^7, 21056
splay, 2^8, 10739
splay, 2^9, 10796
veb, 2^6, 1394949
veb, 2^7, 1637097
veb, 2^8, 1118774
veb, 2^9, 1105470
bst, 2^6, 24702
bst, 2^7, 25089
bst, 2^8, 30824
bst, 2^9, 30616
avl, 2^6, 26161
avl, 2^7, 29567
avl, 2^8, 39644
avl, 2^9, 38529
splay, 2^6, 21906
splay, 2^7, 21037
splay, 2^8, 12813
splay, 2^9, 12737
veb, 2^6, 1561336
veb, 2^7, 1394907
veb, 2^8, 933524
veb, 2^9, 937452
bst, 2^6, 21254
bst, 2^7, 20847
bst, 2^8, 26856
bst, 2^9, 26749
avl, 2^6, 21635
avl, 2^7, 25030
avl, 2^8, 32216
avl, 2^9, 36798
splay, 2^6, 25062
splay, 2^7, 21202
splay, 2^8, 13154
splay, 2^9, 12974
veb, 2^6, 1422963
veb, 2^7, 1485555
veb, 2^8, 1105239
veb, 2^9, 930893
bst, 2^6, 21776
bst, 2^7, 21640
bst, 2^8, 26572
bst, 2^9, 26740
avl, 2^6, 21313
avl, 2^7, 24728
avl, 2^8, 32838
avl, 2^9, 39646
splay, 2^6, 21535
splay, 2^7, 21629
splay, 2^8, 13100
splay, 2^9, 10957
veb, 2^6, 1394898
veb, 2^7, 1410748
veb, 2^8, 954546
veb, 2^9, 930870
bst, 2^6, 21795
bst, 2^7, 21640
bst, 2^8, 26816
bst, 2^9, 26746
avl, 2^6, 22197
avl, 2^7, 24661
avl, 2^8, 32848
avl, 2^9, 31292
splay, 2^6, 18519
splay, 2^7, 17802
splay, 2^8, 10704
splay, 2^9, 12280
veb, 2^6, 1398073
veb, 2^7, 1568592
veb, 2^8, 939407
veb, 2^9, 933527
bst, 2^6, 21518
bst, 2^7, 21424
bst, 2^8, 25873
bst, 2^9, 25834
avl, 2^6, 21259
avl, 2^7, 27075
avl, 2^8, 37658
avl, 2^9, 30421
splay, 2^6, 20499
splay, 2^7, 17808
splay, 2^8, 18945
splay, 2^9, 13016
veb, 2^6, 1579155
veb, 2^7, 1618228
veb, 2^8, 930969
veb, 2^9, 1060525
bst, 2^6, 26006
bst, 2^7, 25234
bst, 2^8, 30750
bst, 2^9, 25854
avl, 2^6, 23182
avl, 2^7, 24650
avl, 2^8, 35320
avl, 2^9, 31700
splay, 2^6, 18321
splay, 2^7, 20231
splay, 2^8, 13066
splay, 2^9, 14858
veb, 2^6, 1446629
veb, 2^7, 1416590
veb, 2^8, 1099723
veb, 2^9, 930866
bst, 2^6, 19397
bst, 2^7, 22454
bst, 2^8, 35362
bst, 2^9, 31392
avl, 2^6, 30724
avl, 2^7, 30335
avl, 2^8, 43892
avl, 2^9, 32308
splay, 2^6, 19251
splay, 2^7, 17949
splay, 2^8, 11082
splay, 2^9, 10983
veb, 2^6, 1398298
veb, 2^7, 1438580
veb, 2^8, 934126
veb, 2^9, 1083424
bst, 2^6, 21062
bst, 2^7, 20935
bst, 2^8, 26844
bst, 2^9, 26774
avl, 2^6, 21321
avl, 2^7, 25300
avl, 2^8, 38249
avl, 2^9, 32451
splay, 2^6, 18239
splay, 2^7, 17872
splay, 2^8, 11045
splay, 2^9, 11061
veb, 2^6, 1399615
veb, 2^7, 1565617
veb, 2^8, 930968
veb, 2^9, 1017524
bst, 2^6, 24866
bst, 2^7, 24671
bst, 2^8, 31779
bst, 2^9, 31678
avl, 2^6, 25242
avl, 2^7, 39359
avl, 2^8, 32231
avl, 2^9, 30623
splay, 2^6, 18158
splay, 2^7, 17798
splay, 2^8, 11080
splay, 2^9, 11456
veb, 2^6, 1432734
veb, 2^7, 1470228
veb, 2^8, 1104785
veb, 2^9, 960276
bst, 2^6, 21464
bst, 2^7, 21425
bst, 2^8, 25931
bst, 2^9, 25883
avl, 2^6, 22865
avl, 2^7, 25032
avl, 2^8, 31910
avl, 2^9, 29803
splay, 2^6, 18111
splay, 2^7, 18270
splay, 2^8, 11008
splay, 2^9, 10761
veb, 2^6, 1565399
veb, 2^7, 1420344
veb, 2^8, 934362
veb, 2^9, 934138
bst, 2^6, 21408
bst, 2^7, 21397
bst, 2^8, 25963
bst, 2^9, 25826
avl, 2^6, 21608
avl, 2^7, 25700
avl, 2^8, 31601
avl, 2^9, 35937
splay, 2^6, 21295
splay, 2^7, 21046
splay, 2^8, 12809
splay, 2^9, 10733
veb, 2^6, 1395089
veb, 2^7, 1573153
veb, 2^8, 1049212
veb, 2^9, 930893
bst, 2^6, 22518
bst, 2^7, 22395
bst, 2^8, 25947
bst, 2^9, 26412
avl, 2^6, 21354
avl, 2^7, 24682
avl, 2^8, 31333
avl, 2^9, 29807
splay, 2^6, 17951
splay, 2^7, 17740
splay, 2^8, 10756
splay, 2^9, 10787
veb, 2^6, 1615738
veb, 2^7, 1397959
veb, 2^8, 1064539
veb, 2^9, 936791
bst, 2^6, 21301
bst, 2^7, 21336
bst, 2^8, 25904
bst, 2^9, 25828
avl, 2^6, 22396
avl, 2^7, 25040
avl, 2^8, 31614
avl, 2^9, 30963
splay, 2^6, 18051
splay, 2^7, 17591
splay, 2^8, 10530
splay, 2^9, 10518
veb, 2^6, 1524132
veb, 2^7, 1518869
veb, 2^8, 930914
veb, 2^9, 930898
bst, 2^6, 24133
bst, 2^7, 21286
bst, 2^8, 30695
bst, 2^9, 32821
avl, 2^6, 25679
avl, 2^7, 29668
avl, 2^8, 40900
avl, 2^9, 32703
splay, 2^6, 21822
splay, 2^7, 21304
splay, 2^8, 12528
splay, 2^9, 12665
veb, 2^6, 1472789
veb, 2^7, 1485974
veb, 2^8, 936869
veb, 2^9, 1096274
bst, 2^6, 21486
bst, 2^7, 21525
bst, 2^8, 27150
bst, 2^9, 26496
avl, 2^6, 25617
avl, 2^7, 30370
avl, 2^8, 39361
avl, 2^9, 36499
splay, 2^6, 21581
splay, 2^7, 21179
splay, 2^8, 12872
splay, 2^9, 12624
veb, 2^6, 1495338
veb, 2^7, 1400736
veb, 2^8, 930971
veb, 2^9, 1098983
bst, 2^6, 22207
bst, 2^7, 21354
bst, 2^8, 27643
bst, 2^9, 25948
avl, 2^6, 21587
avl, 2^7, 25049
avl, 2^8, 33395
avl, 2^9, 36800
splay, 2^6, 21671
splay, 2^7, 21844
splay, 2^8, 13128
splay, 2^9, 13064
veb, 2^6, 1430663
veb, 2^7, 1394869
veb, 2^8, 1098316
veb, 2^9, 930912
bst, 2^6, 20955
bst, 2^7, 20795
bst, 2^8, 25905
bst, 2^9, 26743
avl, 2^6, 21318
avl, 2^7, 25293
avl, 2^8, 32236
avl, 2^9, 30419
splay, 2^6, 18134
splay, 2^7, 18310
splay, 2^8, 11131
splay, 2^9, 10870
veb, 2^6, 1414806
veb, 2^7, 1394839
veb, 2^8, 1072443
veb, 2^9, 1132951
bst, 2^6, 34069
bst, 2^7, 33564
bst, 2^8, 39821
bst, 2^9, 38228
avl, 2^6, 29340
avl, 2^7, 33322
avl, 2^8, 59827
avl, 2^9, 48191
splay, 2^6, 31557
splay, 2^7, 30524
splay, 2^8, 16962
splay, 2^9, 13260
veb, 2^6, 1642816
veb, 2^7, 1647750
veb, 2^8, 1074378
veb, 2^9, 976574
bst, 2^6, 34299
bst, 2^7, 33620
bst, 2^8, 39769
bst, 2^9, 39762
avl, 2^6, 39041
avl, 2^7, 36583
avl, 2^8, 41240
avl, 2^9, 37355
splay, 2^6, 23029
splay, 2^7, 21166
splay, 2^8, 12796
splay, 2^9, 12647
veb, 2^6, 1551628
veb, 2^7, 1605784
veb, 2^8, 1103089
veb, 2^9, 1029982
bst, 2^6, 19905
bst, 2^7, 19041
bst, 2^8, 25958
bst, 2^9, 25884
avl, 2^6, 21297
avl, 2^7, 25284
avl, 2^8, 37958
avl, 2^9, 37109
splay, 2^6, 22438
splay, 2^7, 21007
splay, 2^8, 12995
splay, 2^9, 16360
veb, 2^6, 1431576
veb, 2^7, 1564124
veb, 2^8, 1111270
veb, 2^9, 1025248
bst, 2^6, 24965
bst, 2^7, 24683
bst, 2^8, 30710
bst, 2^9, 31696
avl, 2^6, 25165
avl, 2^7, 24849
avl, 2^8, 31856
avl, 2^9, 31712
splay, 2^6, 18102
splay, 2^7, 17920
splay, 2^8, 10905
splay, 2^9, 10615
veb, 2^6, 1465966
veb, 2^7, 1446904
veb, 2^8, 937755
veb, 2^9, 1133079
bst, 2^6, 27879
bst, 2^7, 27826
bst, 2^8, 34737
bst, 2^9, 32388
avl, 2^6, 29346
avl, 2^7, 35363
avl, 2^8, 45447
avl, 2^9, 42795
splay, 2^6, 27934
splay, 2^7, 25779
splay, 2^8, 15218
splay, 2^9, 16949
veb, 2^6, 1588855
veb, 2^7, 1580371
veb, 2^8, 1108769
veb, 2^9, 930854
bst, 2^6, 19747
bst, 2^7, 21257
bst, 2^8, 26008
bst, 2^9, 25838
avl, 2^6, 21584
avl, 2^7, 24606
avl, 2^8, 34097
avl, 2^9, 33202
splay, 2^6, 18583
splay, 2^7, 17771
splay, 2^8, 12763
splay, 2^9, 12547
veb, 2^6, 1489926
veb, 2^7, 1561309
veb, 2^8, 1014513
veb, 2^9, 933468
bst, 2^6, 20603
bst, 2^7, 20495
bst, 2^8, 26010
bst, 2^9, 25836
avl, 2^6, 21910
avl, 2^7, 35852
avl, 2^8, 37675
avl, 2^9, 31563
splay, 2^6, 18498
splay, 2^7, 18233
splay, 2^8, 11056
splay, 2^9, 10726
veb, 2^6, 1466326
veb, 2^7, 1472781
veb, 2^8, 1109880
veb, 2^9, 1099876
bst, 2^6, 21567
bst, 2^7, 22345
bst, 2^8, 24990
bst, 2^9, 24822
avl, 2^6, 22146
avl, 2^7, 26165
avl, 2^8, 43651
avl, 2^9, 31631
splay, 2^6, 18120
splay, 2^7, 18032
splay, 2^8, 12664
splay, 2^9, 12888
veb, 2^6, 1660074
veb, 2^7, 1561424
veb, 2^8, 965630
veb, 2^9, 990553
bst, 2^6, 22605
bst, 2^7, 22387
bst, 2^8, 28003
bst, 2^9, 26478
avl, 2^6, 21305
avl, 2^7, 28668
avl, 2^8, 32212
avl, 2^9, 37185
splay, 2^6, 23491
splay, 2^7, 17905
splay, 2^8, 10516
splay, 2^9, 10489
veb, 2^6, 1565027
veb, 2^7, 1561878
veb, 2^8, 1107544
veb, 2^9, 1050532
bst, 2^6, 23810
bst, 2^7, 23653
bst, 2^8, 27288
bst, 2^9, 26495
avl, 2^6, 21897
avl, 2^7, 27169
avl, 2^8, 40021
avl, 2^9, 36353
splay, 2^6, 20937
splay, 2^7, 21092
splay, 2^8, 12465
splay, 2^9, 12535
veb, 2^6, 1394888
veb, 2^7, 1567554
veb, 2^8, 1102756
veb, 2^9, 1085821
bst, 2^6, 25344
bst, 2^7, 25206
bst, 2^8, 30732
bst, 2^9, 32484
avl, 2^6, 30397
avl, 2^7, 24976
avl, 2^8, 32228
avl, 2^9, 30497
splay, 2^6, 18543
splay, 2^7, 18157
splay, 2^8, 10730
splay, 2^9, 10714
veb, 2^6, 1486877
veb, 2^7, 1606745
veb, 2^8, 1083883
veb, 2^9, 985112
bst, 2^6, 26030
bst, 2^7, 25310
bst, 2^8, 30667
bst, 2^9, 30649
avl, 2^6, 25741
avl, 2^7, 30718
avl, 2^8, 34693
avl, 2^9, 30482
splay, 2^6, 17985
splay, 2^7, 17717
splay, 2^8, 10736
splay, 2^9, 19036
veb, 2^6, 1531183
veb, 2^7, 1611329
veb, 2^8, 1103293
veb, 2^9, 968738
bst, 2^6, 21660
bst, 2^7, 21389
bst, 2^8, 25967
bst, 2^9, 27673
avl, 2^6, 21295
avl, 2^7, 24966
avl, 2^8, 32269
avl, 2^9, 37178
splay, 2^6, 21819
splay, 2^7, 21376
splay, 2^8, 12556
splay, 2^9, 12552
veb, 2^6, 1669889
veb, 2^7, 1672016
veb, 2^8, 1077036
veb, 2^9, 1000415
bst, 2^6, 26036
bst, 2^7, 25298
bst, 2^8, 30670
bst, 2^9, 30646
avl, 2^6, 25898
avl, 2^7, 30204
avl, 2^8, 32313
avl, 2^9, 37928
splay, 2^6, 23827
splay, 2^7, 20803
splay, 2^8, 12378
splay, 2^9, 14373
veb, 2^6, 1552552
veb, 2^7, 1481814
veb, 2^8, 930942
veb, 2^9, 1099736
bst, 2^6, 21404
bst, 2^7, 21451
bst, 2^8, 25922
bst, 2^9, 25832
avl, 2^6, 23431
avl, 2^7, 35024
avl, 2^8, 38162
avl, 2^9, 31089
splay, 2^6, 17844
splay, 2^7, 17706
splay, 2^8, 11429
splay, 2^9, 10765
veb, 2^6, 1564435
veb, 2^7, 1550979
veb, 2^8, 930935
veb, 2^9, 1080474
bst, 2^6, 25455
bst, 2^7, 27302
bst, 2^8, 25927
bst, 2^9, 25922
avl, 2^6, 22461
avl, 2^7, 26192
avl, 2^8, 31823
avl, 2^9, 44071
splay, 2^6, 21308
splay, 2^7, 21107
splay, 2^8, 12776
splay, 2^9, 12688
veb, 2^6, 1580276
veb, 2^7, 1400998
veb, 2^8, 1033308
veb, 2^9, 952850
bst, 2^6, 21457
bst, 2^7, 21689
bst, 2^8, 25888
bst, 2^9, 25850
avl, 2^6, 22066
avl, 2^7, 25318
avl, 2^8, 35257
avl, 2^9, 31514
splay, 2^6, 18288
splay, 2^7, 17847
splay, 2^8, 10707
splay, 2^9, 10660
veb, 2^6, 1557924
veb, 2^7, 1394850
veb, 2^8, 1029273
veb, 2^9, 1057917
bst, 2^6, 21613
bst, 2^7, 21428
bst, 2^8, 25663
bst, 2^9, 25447
avl, 2^6, 21878
avl, 2^7, 25310
avl, 2^8, 38833
avl, 2^9, 38836
splay, 2^6, 24598
splay, 2^7, 17628
splay, 2^8, 10734
splay, 2^9, 10895
veb, 2^6, 1559397
veb, 2^7, 1536746
veb, 2^8, 993986
veb, 2^9, 1027982
bst, 2^6, 25313
bst, 2^7, 25423
bst, 2^8, 30703
bst, 2^9, 30648
avl, 2^6, 25675
avl, 2^7, 26605
avl, 2^8, 32462
avl, 2^9, 30364
splay, 2^6, 17802
splay, 2^7, 18577
splay, 2^8, 10778
splay, 2^9, 10839
veb, 2^6, 1619482
veb, 2^7, 1561278
veb, 2^8, 1027331
veb, 2^9, 1049174
bst, 2^6, 28120
bst, 2^7, 26530
bst, 2^8, 31414
bst, 2^9, 30611
avl, 2^6, 28268
avl, 2^7, 29927
avl, 2^8, 38133
avl, 2^9, 41027
splay, 2^6, 21668
splay, 2^7, 21593
splay, 2^8, 12853
splay, 2^9, 12804
veb, 2^6, 1653192
veb, 2^7, 1658518
veb, 2^8, 1113034
veb, 2^9, 1103270
bst, 2^6, 24905
bst, 2^7, 24722
bst, 2^8, 30927
bst, 2^9, 31694
avl, 2^6, 25980
avl, 2^7, 30298
avl, 2^8, 37075
avl, 2^9, 37174
splay, 2^6, 23138
splay, 2^7, 20912
splay, 2^8, 12770
splay, 2^9, 12851
veb, 2^6, 1657182
veb, 2^7, 1663594
veb, 2^8, 1103434
veb, 2^9, 1107734
bst, 2^6, 24815
bst, 2^7, 24671
bst, 2^8, 31726
bst, 2^9, 31705
avl, 2^6, 25246
avl, 2^7, 29318
avl, 2^8, 40820
avl, 2^9, 35987
splay, 2^6, 21297
splay, 2^7, 21093
splay, 2^8, 12934
splay, 2^9, 16378
veb, 2^6, 1528428
veb, 2^7, 1442181
veb, 2^8, 1062977
veb, 2^9, 1064366
bst, 2^6, 25151
bst, 2^7, 24694
bst, 2^8, 31735
bst, 2^9, 26736
avl, 2^6, 21369
avl, 2^7, 29557
avl, 2^8, 39071
avl, 2^9, 37722
splay, 2^6, 21098
splay, 2^7, 20919
splay, 2^8, 12838
splay, 2^9, 10735
veb, 2^6, 1525954
veb, 2^7, 1582673
veb, 2^8, 995836
veb, 2^9, 932849
bst, 2^6, 20870
bst, 2^7, 24769
bst, 2^8, 32316
bst, 2^9, 30788
avl, 2^6, 25522
avl, 2^7, 31490
avl, 2^8, 37942
avl, 2^9, 30627
splay, 2^6, 18374
splay, 2^7, 17738
splay, 2^8, 19732
splay, 2^9, 12626
veb, 2^6, 1657299
veb, 2^7, 1677842
veb, 2^8, 948471
veb, 2^9, 1012840
bst, 2^6, 25529
bst, 2^7, 25407
bst, 2^8, 32346
bst, 2^9, 36247
avl, 2^6, 25565
avl, 2^7, 29617
avl, 2^8, 31844
avl, 2^9, 30483
splay, 2^6, 18472
splay, 2^7, 18020
splay, 2^8, 10980
splay, 2^9, 12590
veb, 2^6, 1565618
veb, 2^7, 1605762
veb, 2^8, 1096947
veb, 2^9, 937950
bst, 2^6, 20945
bst, 2^7, 21452
bst, 2^8, 25954
bst, 2^9, 26781
avl, 2^6, 23465
avl, 2^7, 24946
avl, 2^8, 32734
avl, 2^9, 29738
splay, 2^6, 17890
splay, 2^7, 17756
splay, 2^8, 25918
splay, 2^9, 12618
veb, 2^6, 1656268
veb, 2^7, 1427595
veb, 2^8, 1025920
veb, 2^9, 930869
bst, 2^6, 22096
bst, 2^7, 21329
bst, 2^8, 26327
bst, 2^9, 25866
avl, 2^6, 21202
avl, 2^7, 35141
avl, 2^8, 37320
avl, 2^9, 30266
splay, 2^6, 18017
splay, 2^7, 17707
splay, 2^8, 11005
splay, 2^9, 10624
veb, 2^6, 1401077
veb, 2^7, 1567185
veb, 2^8, 1005149
veb, 2^9, 1084838
bst, 2^6, 28968
bst, 2^7, 21688
bst, 2^8, 25896
bst, 2^9, 39357
avl, 2^6, 29289
avl, 2^7, 30272
avl, 2^8, 39697
avl, 2^9, 31240
splay, 2^6, 18380
splay, 2^7, 20200
splay, 2^8, 10931
splay, 2^9, 10629
veb, 2^6, 1460438
veb, 2^7, 1564727
veb, 2^8, 930950
veb, 2^9, 934899
bst, 2^6, 24854
bst, 2^7, 24690
bst, 2^8, 29918
bst, 2^9, 30023
avl, 2^6, 25954
avl, 2^7, 31895
avl, 2^8, 32173
avl, 2^9, 31296
splay, 2^6, 18091
splay, 2^7, 17712
splay, 2^8, 10653
splay, 2^9, 10606
veb, 2^6, 1561632
veb, 2^7, 1513854
veb, 2^8, 1058433
veb, 2^9, 1096702
bst, 2^6, 21170
bst, 2^7, 20820
bst, 2^8, 25387
bst, 2^9, 26731
avl, 2^6, 21884
avl, 2^7, 26223
avl, 2^8, 32162
avl, 2^9, 37100
splay, 2^6, 21379
splay, 2^7, 20985
splay, 2^8, 13238
splay, 2^9, 12559
veb, 2^6, 1545663
veb, 2^7, 1583457
veb, 2^8, 1103403
veb, 2^9, 1112473
bst, 2^6, 33071
bst, 2^7, 31763
bst, 2^8, 38410
bst, 2^9, 38323
avl, 2^6, 36483
avl, 2^7, 36074
avl, 2^8, 49342
avl, 2^9, 46684
splay, 2^6, 29723
splay, 2^7, 28639
splay, 2^8, 26093
splay, 2^9, 14737
veb, 2^6, 1716933
veb, 2^7, 1750926
veb, 2^8, 1159852
veb, 2^9, 930798
bst, 2^6, 19964
bst, 2^7, 19068
bst, 2^8, 25360
bst, 2^9, 26472
avl, 2^6, 21755
avl, 2^7, 24889
avl, 2^8, 31937
avl, 2^9, 37031
splay, 2^6, 22787
splay, 2^7, 21031
splay, 2^8, 12778
splay, 2^9, 12979
veb, 2^6, 1462108
veb, 2^7, 1394850
veb, 2^8, 1017037
veb, 2^9, 930903
bst, 2^6, 20648
bst, 2^7, 20161
bst, 2^8, 25951
bst, 2^9, 35123
avl, 2^6, 21294
avl, 2^7, 30005
avl, 2^8, 38212
avl, 2^9, 31317
splay, 2^6, 18273
splay, 2^7, 18135
splay, 2^8, 10536
splay, 2^9, 10549
veb, 2^6, 1401774
veb, 2^7, 1394848
veb, 2^8, 1037131
veb, 2^9, 1076357
bst, 2^6, 26960
bst, 2^7, 26637
bst, 2^8, 25904
bst, 2^9, 25442
avl, 2^6, 20570
avl, 2^7, 24339
avl, 2^8, 30950
avl, 2^9, 30383
splay, 2^6, 18166
splay, 2^7, 17743
splay, 2^8, 10748
splay, 2^9, 10730
veb, 2^6, 1394946
veb, 2^7, 1463287
veb, 2^8, 1096192
veb, 2^9, 930865
bst, 2^6, 30876
bst, 2^7, 21288
bst, 2^8, 30730
bst, 2^9, 32823
avl, 2^6, 27862
avl, 2^7, 29577
avl, 2^8, 37345
avl, 2^9, 31805
splay, 2^6, 18148
splay, 2^7, 17860
splay, 2^8, 10880
splay, 2^9, 11681
veb, 2^6, 1668248
veb, 2^7, 1663169
veb, 2^8, 1103050
veb, 2^9, 1107746
bst, 2^6, 22798
bst, 2^7, 22461
bst, 2^8, 30857
bst, 2^9, 30296
avl, 2^6, 28655
avl, 2^7, 34317
avl, 2^8, 32597
avl, 2^9, 30378
splay, 2^6, 18421
splay, 2^7, 17837
splay, 2^8, 12643
splay, 2^9, 12942
veb, 2^6, 1487043
veb, 2^7, 1548395
veb, 2^8, 1022005
veb, 2^9, 930872
bst, 2^6, 19115
bst, 2^7, 19095
bst, 2^8, 25987
bst, 2^9, 24973
avl, 2^6, 21443
avl, 2^7, 25892
avl, 2^8, 31755
avl, 2^9, 36715
splay, 2^6, 21862
splay, 2^7, 21338
splay, 2^8, 10846
splay, 2^9, 10614
veb, 2^6, 1401023
veb, 2^7, 1561397
veb, 2^8, 1043980
veb, 2^9, 934024
bst, 2^6, 21579
bst, 2^7, 21415
bst, 2^8, 25900
bst, 2^9, 25819
avl, 2^6, 25949
avl, 2^7, 29631
avl, 2^8, 37379
avl, 2^9, 36065
splay, 2^6, 21818
splay, 2^7, 24910
splay, 2^8, 12783
splay, 2^9, 12830
veb, 2^6, 1709915
veb, 2^7, 1576890
veb, 2^8, 930947
veb, 2^9, 993489
bst, 2^6, 26456
bst, 2^7, 22507
bst, 2^8, 30789
bst, 2^9, 30723
avl, 2^6, 26662
avl, 2^7, 29588
avl, 2^8, 31976
avl, 2^9, 31012
splay, 2^6, 18324
splay, 2^7, 18155
splay, 2^8, 10917
splay, 2^9, 10689
veb, 2^6, 1547752
veb, 2^7, 1773596
veb, 2^8, 931023
veb, 2^9, 932658
bst, 2^6, 19120
bst, 2^7, 18990
bst, 2^8, 26541
bst, 2^9, 26760
avl, 2^6, 21264
avl, 2^7, 26768
avl, 2^8, 32885
avl, 2^9, 37022
splay, 2^6, 21511
splay, 2^7, 21030
splay, 2^8, 12865
splay, 2^9, 12631
veb, 2^6, 1655051
veb, 2^7, 1653426
veb, 2^8, 1137090
veb, 2^9, 975631
bst, 2^6, 22724
bst, 2^7, 22612
bst, 2^8, 32280
bst, 2^9, 31711
avl, 2^6, 25293
avl, 2^7, 29281
avl, 2^8, 37059
avl, 2^9, 30971
splay, 2^6, 17979
splay, 2^7, 17729
splay, 2^8, 11020
splay, 2^9, 12682
veb, 2^6, 1495444
veb, 2^7, 1594059
veb, 2^8, 1103332
veb, 2^9, 1103378
bst, 2^6, 24798
bst, 2^7, 24691
bst, 2^8, 29927
bst, 2^9, 31332
avl, 2^6, 27878
avl, 2^7, 29645
avl, 2^8, 37569
avl, 2^9, 36913
splay, 2^6, 21812
splay, 2^7, 21506
splay, 2^8, 12971
splay, 2^9, 12594
veb, 2^6, 1763383
veb, 2^7, 1680518
veb, 2^8, 1132884
veb, 2^9, 1085924
bst, 2^6, 23707
bst, 2^7, 23035
bst, 2^8, 26929
bst, 2^9, 26584
avl, 2^6, 21660
avl, 2^7, 24943
avl, 2^8, 31978
avl, 2^9, 65145
splay, 2^6, 19247
splay, 2^7, 17488
splay, 2^8, 10568
splay, 2^9, 10412
veb, 2^6, 1393989
veb, 2^7, 1535223
veb, 2^8, 1053787
veb, 2^9, 930940
bst, 2^6, 19136
bst, 2^7, 18998
bst, 2^8, 26689
bst, 2^9, 28997
avl, 2^6, 22232
avl, 2^7, 36754
avl, 2^8, 37086
avl, 2^9, 30417
splay, 2^6, 18403
splay, 2^7, 17705
splay, 2^8, 10782
splay, 2^9, 10674
veb, 2^6, 1579718
veb, 2^7, 1594797
veb, 2^8, 948414
veb, 2^9, 1073133
bst, 2^6, 21566
bst, 2^7, 21906
bst, 2^8, 25907
bst, 2^9, 25972
avl, 2^6, 23149
avl, 2^7, 24639
avl, 2^8, 33380
avl, 2^9, 35971
splay, 2^6, 22050
splay, 2^7, 23020
splay, 2^8, 10863
splay, 2^9, 10652
veb, 2^6, 1470278
veb, 2^7, 1418791
veb, 2^8, 930939
veb, 2^9, 1020359
bst, 2^6, 21326
bst, 2^7, 21467
bst, 2^8, 26049
bst, 2^9, 25836
avl, 2^6, 21248
avl, 2^7, 24920
avl, 2^8, 31480
avl, 2^9, 31016
splay, 2^6, 17989
splay, 2^7, 17948
splay, 2^8, 10937
splay, 2^9, 10666
veb, 2^6, 1565139
veb, 2^7, 1394837
veb, 2^8, 930953
veb, 2^9, 936844
bst, 2^6, 22495
bst, 2^7, 22416
bst, 2^8, 27464
bst, 2^9, 28864
avl, 2^6, 21881
avl, 2^7, 25540
avl, 2^8, 34517
avl, 2^9, 70189
splay, 2^6, 42420
splay, 2^7, 40720
splay, 2^8, 24638
splay, 2^9, 25220
veb, 2^6, 2361810
veb, 2^7, 1394905
veb, 2^8, 1081423
veb, 2^9, 933977
bst, 2^6, 21734
bst, 2^7, 21493
bst, 2^8, 26541
bst, 2^9, 26480
avl, 2^6, 22381
avl, 2^7, 29563
avl, 2^8, 32235
avl, 2^9, 36481
splay, 2^6, 21920
splay, 2^7, 21201
splay, 2^8, 13184
splay, 2^9, 13121
veb, 2^6, 1552439
veb, 2^7, 1499433
veb, 2^8, 962956
veb, 2^9, 974130
bst, 2^6, 25715
bst, 2^7, 25421
bst, 2^8, 30802
bst, 2^9, 30025
avl, 2^6, 25625
avl, 2^7, 29633
avl, 2^8, 31567
avl, 2^9, 30313
splay, 2^6, 18588
splay, 2^7, 18216
splay, 2^8, 11090
splay, 2^9, 10975
veb, 2^6, 1397780
veb, 2^7, 1560619
veb, 2^8, 934184
veb, 2^9, 1074236
bst, 2^6, 27435
bst, 2^7, 22523
bst, 2^8, 31430
bst, 2^9, 31366
avl, 2^6, 27037
avl, 2^7, 29580
avl, 2^8, 40377
avl, 2^9, 31841
splay, 2^6, 18660
splay, 2^7, 17714
splay, 2^8, 12706
splay, 2^9, 10977
veb, 2^6, 1439212
veb, 2^7, 1450502
veb, 2^8, 930946
veb, 2^9, 937501
bst, 2^6, 20999
bst, 2^7, 20788
bst, 2^8, 26461
bst, 2^9, 26746
avl, 2^6, 21925
avl, 2^7, 25573
avl, 2^8, 32137
avl, 2^9, 32241
splay, 2^6, 18109
splay, 2^7, 17875
splay, 2^8, 11063
splay, 2^9, 11001
veb, 2^6, 1561565
veb, 2^7, 1397932
veb, 2^8, 992183
veb, 2^9, 930893
bst, 2^6, 21786
bst, 2^7, 21714
bst, 2^8, 26528
bst, 2^9, 25836
avl, 2^6, 21722
avl, 2^7, 25026
avl, 2^8, 32115
avl, 2^9, 47088
splay, 2^6, 28603
splay, 2^7, 24973
splay, 2^8, 13133
splay, 2^9, 13019
veb, 2^6, 1709573
veb, 2^7, 1609273
veb, 2^8, 930684
veb, 2^9, 934165
bst, 2^6, 23151
bst, 2^7, 19061
bst, 2^8, 26983
bst, 2^9, 26741
avl, 2^6, 23602
avl, 2^7, 31614
avl, 2^8, 47005
avl, 2^9, 44434
splay, 2^6, 28832
splay, 2^7, 26799
splay, 2^8, 14935
splay, 2^9, 14785
veb, 2^6, 1524164
veb, 2^7, 1654465
veb, 2^8, 1112835
veb, 2^9, 1084273
bst, 2^6, 19569
bst, 2^7, 20560
bst, 2^8, 26161
bst, 2^9, 25797
avl, 2^6, 22047
avl, 2^7, 24981
avl, 2^8, 31593
avl, 2^9, 38160
splay, 2^6, 22725
splay, 2^7, 21107
splay, 2^8, 13232
splay, 2^9, 10976
veb, 2^6, 1530853
veb, 2^7, 1561767
veb, 2^8, 1027332
veb, 2^9, 930884
bst, 2^6, 21627
bst, 2^7, 20875
bst, 2^8, 25866
bst, 2^9, 26763
avl, 2^6, 22857
avl, 2^7, 24937
avl, 2^8, 33476
avl, 2^9, 36417
splay, 2^6, 27366
splay, 2^7, 17920
splay, 2^8, 10721
splay, 2^9, 11045
veb, 2^6, 1404993
veb, 2^7, 1562665
veb, 2^8, 1030792
veb, 2^9, 992761
bst, 2^6, 26050
bst, 2^7, 25777
bst, 2^8, 30936
bst, 2^9, 30610
avl, 2^6, 25572
avl, 2^7, 29718
avl, 2^8, 32147
avl, 2^9, 31565
splay, 2^6, 19121
splay, 2^7, 17959
splay, 2^8, 11104
splay, 2^9, 12371
veb, 2^6, 1562580
veb, 2^7, 1506239
veb, 2^8, 930946
veb, 2^9, 944328
bst, 2^6, 24833
bst, 2^7, 24667
bst, 2^8, 31967
bst, 2^9, 31874
avl, 2^6, 25605
avl, 2^7, 29678
avl, 2^8, 32217
avl, 2^9, 37234
splay, 2^6, 24819
splay, 2^7, 18452
splay, 2^8, 11063
splay, 2^9, 11035
veb, 2^6, 1402377
veb, 2^7, 1516522
veb, 2^8, 972818
veb, 2^9, 1078102
bst, 2^6, 20888
bst, 2^7, 20963
bst, 2^8, 26767
bst, 2^9, 26775
avl, 2^6, 32812
avl, 2^7, 32025
avl, 2^8, 32220
avl, 2^9, 30680
splay, 2^6, 18406
splay, 2^7, 18183
splay, 2^8, 11025
splay, 2^9, 11026
veb, 2^6, 1530000
veb, 2^7, 1523721
veb, 2^8, 1018787
veb, 2^9, 930893
bst, 2^6, 20957
bst, 2^7, 20821
bst, 2^8, 26872
bst, 2^9, 26732
avl, 2^6, 21561
avl, 2^7, 25049
avl, 2^8, 32135
avl, 2^9, 30701
splay, 2^6, 18166
splay, 2^7, 17861
splay, 2^8, 11089
splay, 2^9, 12957
veb, 2^6, 1512075
veb, 2^7, 1518567
veb, 2^8, 983658
veb, 2^9, 1083667
bst, 2^6, 24810
bst, 2^7, 28734
bst, 2^8, 26778
bst, 2^9, 26738
avl, 2^6, 21565
avl, 2^7, 24963
avl, 2^8, 32156
avl, 2^9, 36551
splay, 2^6, 21514
splay, 2^7, 21500
splay, 2^8, 11095
splay, 2^9, 10991
veb, 2^6, 1401259
veb, 2^7, 1497791
veb, 2^8, 1086446
veb, 2^9, 1107719
bst, 2^6, 25351
bst, 2^7, 24657
bst, 2^8, 31753
bst, 2^9, 31775
avl, 2^6, 25671
avl, 2^7, 29672
avl, 2^8, 38212
avl, 2^9, 30462
splay, 2^6, 18419
splay, 2^7, 18166
splay, 2^8, 11181
splay, 2^9, 13088
veb, 2^6, 1508608
veb, 2^7, 1565647
veb, 2^8, 930910
veb, 2^9, 1069882
bst, 2^6, 27795
bst, 2^7, 26641
bst, 2^8, 32807
bst, 2^9, 31734
avl, 2^6, 25568
avl, 2^7, 25730
avl, 2^8, 32525
avl, 2^9, 30720
splay, 2^6, 18620
splay, 2^7, 18144
splay, 2^8, 10846
splay, 2^9, 10685
veb, 2^6, 1458350
veb, 2^7, 1559015
veb, 2^8, 1068754
veb, 2^9, 1101218
bst, 2^6, 25928
bst, 2^7, 25651
bst, 2^8, 31812
bst, 2^9, 31715
avl, 2^6, 28175
avl, 2^7, 29526
avl, 2^8, 38469
avl, 2^9, 30637
splay, 2^6, 18998
splay, 2^7, 17815
splay, 2^8, 10753
splay, 2^9, 12723
veb, 2^6, 1617783
veb, 2^7, 1398089
veb, 2^8, 995132
veb, 2^9, 1093532
bst, 2^6, 20998
bst, 2^7, 20795
bst, 2^8, 26860
bst, 2^9, 26464
avl, 2^6, 22832
avl, 2^7, 25608
avl, 2^8, 34163
avl, 2^9, 37519
splay, 2^6, 21675
splay, 2^7, 21129
splay, 2^8, 12780
splay, 2^9, 15000
veb, 2^6, 1398030
veb, 2^7, 1394856
veb, 2^8, 1020128
veb, 2^9, 937969
bst, 2^6, 23183
bst, 2^7, 21676
bst, 2^8, 25905
bst, 2^9, 25802
avl, 2^6, 21635
avl, 2^7, 29671
avl, 2^8, 38197
avl, 2^9, 32014
splay, 2^6, 18442
splay, 2^7, 18201
splay, 2^8, 10719
splay, 2^9, 15023
veb, 2^6, 1394922
veb, 2^7, 1505626
veb, 2^8, 1097971
veb, 2^9, 930951
bst, 2^6, 21555
bst, 2^7, 21390
bst, 2^8, 26825
bst, 2^9, 26956
avl, 2^6, 27483
avl, 2^7, 30575
avl, 2^8, 37518
avl, 2^9, 31041
splay, 2^6, 17881
splay, 2^7, 17842
splay, 2^8, 10725
splay, 2^9, 10628
veb, 2^6, 1420801
veb, 2^7, 1590398
veb, 2^8, 949179
veb, 2^9, 1056291
bst, 2^6, 24815
bst, 2^7, 24809
bst, 2^8, 31760
bst, 2^9, 34772
avl, 2^6, 21358
avl, 2^7, 24568
avl, 2^8, 32880
avl, 2^9, 30749
splay, 2^6, 17941
splay, 2^7, 17743
splay, 2^8, 10711
splay, 2^9, 10903
veb, 2^6, 1502538
veb, 2^7, 1565982
veb, 2^8, 930995
veb, 2^9, 966438
bst, 2^6, 21543
bst, 2^7, 21381
bst, 2^8, 25933
bst, 2^9, 25852
avl, 2^6, 21412
avl, 2^7, 24930
avl, 2^8, 32359
avl, 2^9, 30401
splay, 2^6, 18405
splay, 2^7, 17587
splay, 2^8, 10719
splay, 2^9, 10761
veb, 2^6, 1639530
veb, 2^7, 1410765
veb, 2^8, 996795
veb, 2^9, 930620
bst, 2^6, 20959
bst, 2^7, 20826
bst, 2^8, 26793
bst, 2^9, 26749
avl, 2^6, 21537
avl, 2^7, 32248
avl, 2^8, 37230
avl, 2^9, 38121
splay, 2^6, 21468
splay, 2^7, 23085
splay, 2^8, 13592
splay, 2^9, 10645
veb, 2^6, 1445973
veb, 2^7, 1449459
veb, 2^8, 1020057
veb, 2^9, 937623
bst, 2^6, 19255
bst, 2^7, 18964
bst, 2^8, 25453
bst, 2^9, 26747
avl, 2^6, 21291
avl, 2^7, 25319
avl, 2^8, 33427
avl, 2^9, 31148
splay, 2^6, 18112
splay, 2^7, 17648
splay, 2^8, 10701
splay, 2^9, 10632
veb, 2^6, 1394935
veb, 2^7, 1621942
veb, 2^8, 931013
veb, 2^9, 930920
bst, 2^6, 20925
bst, 2^7, 20801
bst, 2^8, 26838
bst, 2^9, 25469
avl, 2^6, 21281
avl, 2^7, 25330
avl, 2^8, 39637
avl, 2^9, 30997
splay, 2^6, 17996
splay, 2^7, 17888
splay, 2^8, 10696
splay, 2^9, 10592
veb, 2^6, 1571053
veb, 2^7, 1569122
veb, 2^8, 1115783
veb, 2^9, 1135185
bst, 2^6, 25983
bst, 2^7, 25777
bst, 2^8, 31798
bst, 2^9, 31711
avl, 2^6, 25629
avl, 2^7, 29981
avl, 2^8, 47524
avl, 2^9, 36739
splay, 2^6, 21832
splay, 2^7, 21064
splay, 2^8, 12699
splay, 2^9, 12642
veb, 2^6, 1547429
veb, 2^7, 1404182
veb, 2^8, 943730
veb, 2^9, 1104550
bst, 2^6, 23436
bst, 2^7, 21715
bst, 2^8, 25038
bst, 2^9, 26780
avl, 2^6, 22227
avl, 2^7, 25313
avl, 2^8, 32579
avl, 2^9, 36648
splay, 2^6, 22894
splay, 2^7, 25199
splay, 2^8, 13087
splay, 2^9, 11007
veb, 2^6, 1568644
veb, 2^7, 1394844
veb, 2^8, 1058257
veb, 2^9, 933776
bst, 2^6, 22033
bst, 2^7, 21658
bst, 2^8, 27151
bst, 2^9, 26011
avl, 2^6, 21292
avl, 2^7, 24724
avl, 2^8, 33503
avl, 2^9, 31674
splay, 2^6, 18101
splay, 2^7, 18149
splay, 2^8, 11093
splay, 2^9, 11168
veb, 2^6, 1402152
veb, 2^7, 1525150
veb, 2^8, 930959
veb, 2^9, 930899
bst, 2^6, 21044
bst, 2^7, 21131
bst, 2^8, 25866
bst, 2^9, 26745
avl, 2^6, 21243
avl, 2^7, 25261
avl, 2^8, 39646
avl, 2^9, 32161
splay, 2^6, 18486
splay, 2^7, 17918
splay, 2^8, 10822
splay, 2^9, 10670
veb, 2^6, 1474341
veb, 2^7, 1577741
veb, 2^8, 937390
veb, 2^9, 1043682
bst, 2^6, 25329
bst, 2^7, 25316
bst, 2^8, 30736
bst, 2^9, 30649
avl, 2^6, 25202
avl, 2^7, 29278
avl, 2^8, 31580
avl, 2^9, 31057
splay, 2^6, 18343
splay, 2^7, 17504
splay, 2^8, 10797
splay, 2^9, 10611
veb, 2^6, 1572214
veb, 2^7, 1394946
veb, 2^8, 930974
veb, 2^9, 1086495
bst, 2^6, 21619
bst, 2^7, 21161
bst, 2^8, 25985
bst, 2^9, 25984
avl, 2^6, 21301
avl, 2^7, 24694
avl, 2^8, 33423
avl, 2^9, 37022
splay, 2^6, 21169
splay, 2^7, 20992
splay, 2^8, 12732
splay, 2^9, 12733
veb, 2^6, 1672220
veb, 2^7, 1651388
veb, 2^8, 930932
veb, 2^9, 930928
bst, 2^6, 20884
bst, 2^7, 23363
bst, 2^8, 26755
bst, 2^9, 25864
avl, 2^6, 25678
avl, 2^7, 26452
avl, 2^8, 31527
avl, 2^9, 36682
splay, 2^6, 21517
splay, 2^7, 21196
splay, 2^8, 13102
splay, 2^9, 13117
veb, 2^6, 1398373
veb, 2^7, 1394826
veb, 2^8, 1077305
veb, 2^9, 933994
bst, 2^6, 21406
bst, 2^7, 21355
bst, 2^8, 25644
bst, 2^9, 27217
avl, 2^6, 26308
avl, 2^7, 30389
avl, 2^8, 37744
avl, 2^9, 31053
splay, 2^6, 18141
splay, 2^7, 18204
splay, 2^8, 11081
splay, 2^9, 11176
veb, 2^6, 1395055
veb, 2^7, 1453778
veb, 2^8, 930994
veb, 2^9, 1090704
bst, 2^6, 24795
bst, 2^7, 24674
bst, 2^8, 31777
bst, 2^9, 31730
avl, 2^6, 25382
avl, 2^7, 29282
avl, 2^8, 43000
avl, 2^9, 36392
splay, 2^6, 21967
splay, 2^7, 23079
splay, 2^8, 12718
splay, 2^9, 12867
veb, 2^6, 1461629
veb, 2^7, 1584943
veb, 2^8, 1012006
veb, 2^9, 1113473
bst, 2^6, 25428
bst, 2^7, 24349
bst, 2^8, 31574
bst, 2^9, 31378
avl, 2^6, 25698
avl, 2^7, 29826
avl, 2^8, 32129
avl, 2^9, 37129
splay, 2^6, 21364
splay, 2^7, 23123
splay, 2^8, 12525
splay, 2^9, 12621
veb, 2^6, 1620707
veb, 2^7, 1498431
veb, 2^8, 1009339
veb, 2^9, 930867
bst, 2^6, 21662
bst, 2^7, 21423
bst, 2^8, 25922
bst, 2^9, 25853
avl, 2^6, 21267
avl, 2^7, 26365
avl, 2^8, 32069
avl, 2^9, 36725
splay, 2^6, 23778
splay, 2^7, 20633
splay, 2^8, 12424
splay, 2^9, 10541
veb, 2^6, 1408998
veb, 2^7, 1534826
veb, 2^8, 1062179
veb, 2^9, 1110851
bst, 2^6, 30374
bst, 2^7, 22445
bst, 2^8, 28692
bst, 2^9, 28772
avl, 2^6, 29268
avl, 2^7, 37609
avl, 2^8, 45802
avl, 2^9, 31514
splay, 2^6, 21227
splay, 2^7, 17485
splay, 2^8, 10580
splay, 2^9, 12176
veb, 2^6, 1560284
veb, 2^7, 1561784
veb, 2^8, 944713
veb, 2^9, 949261
bst, 2^6, 25809
bst, 2^7, 25394
bst, 2^8, 31482
bst, 2^9, 31392
avl, 2^6, 25599
avl, 2^7, 29635
avl, 2^8, 31351
avl, 2^9, 43534
splay, 2^6, 21104
splay, 2^7, 20571
splay, 2^8, 12466
splay, 2^9, 10465
veb, 2^6, 1421326
veb, 2^7, 1669300
veb, 2^8, 1103369
veb, 2^9, 993718
bst, 2^6, 23224
bst, 2^7, 22494
bst, 2^8, 31713
bst, 2^9, 30232
avl, 2^6, 25231
avl, 2^7, 29565
avl, 2^8, 30988
avl, 2^9, 30442
splay, 2^6, 18520
splay, 2^7, 17779
splay, 2^8, 10764
splay, 2^9, 12963
veb, 2^6, 1512511
veb, 2^7, 1566459
veb, 2^8, 1111542
veb, 2^9, 994443
bst, 2^6, 20684
bst, 2^7, 20609
bst, 2^8, 26016
bst, 2^9, 25093
avl, 2^6, 21269
avl, 2^7, 25031
avl, 2^8, 31559
avl, 2^9, 31004
splay, 2^6, 18181
splay, 2^7, 17927
splay, 2^8, 11219
splay, 2^9, 11027
veb, 2^6, 1399318
veb, 2^7, 1394839
veb, 2^8, 1035503
veb, 2^9, 930907
bst, 2^6, 21654
bst, 2^7, 21282
bst, 2^8, 25652
bst, 2^9, 26797
avl, 2^6, 21355
avl, 2^7, 24649
avl, 2^8, 31622
avl, 2^9, 30980
splay, 2^6, 18263
splay, 2^7, 18234
splay, 2^8, 10743
splay, 2^9, 10965
veb, 2^6, 1537073
veb, 2^7, 1560685
veb, 2^8, 1095891
veb, 2^9, 969866
